{"cameraMode":{"drawMode":0,"name":"Shaded","section":"Shading Mode"},"sceneLighting":true,"audioPlay":false,"sceneViewState":{"m_AlwaysRefresh":false,"showFog":true,"showSkybox":true,"showFlares":true,"showImageEffects":true,"showParticleSystems":true,"showVisualEffectGraphs":true,"m_FxEnabled":true},"in2DMode":false,"pivot":{"x":-1.194700002670288,"y":-0.9135274887084961,"z":-2.3554325103759767},"rotation":{"x":-0.2915591299533844,"y":0.016048097983002664,"z":-0.0065759154967963699,"w":-0.9568183422088623},"size":12.76128101348877,"orthographic":false}